[{"value":"Business","label":"Business","children":[{"value":"Business Incorporation","label":"Business Incorporation","children":[{"value":"Private Limited Company","label":"Private Limited Company"},{"value":"One person company","label":"One person company"},{"value":"Limited Liability Partnership","label":"Limited Liability Partnership"},{"value":"PLC registration","label":"PLC registration"},{"value":"NGO section and company registration","label":"NGO section and company registration"}]},{"value":"GST Service","label":"GST Service","children":[{"value":"GST registration","label":"GST registration"},{"value":"GST filing","label":"GST filing"},{"value":"Ask an expert","label":"Ask an expert"},{"value":"E-way bill service","label":"E-way bill service"},{"value":"GST notice-Ask an expert","label":"GST notice-Ask an expert"}]},{"value":"Startup Services","label":"Startup Services","children":[{"value":"Payroll Service","label":"Payroll Service"},{"value":"Launch Your Startup","label":"Launch Your Startup"},{"value":"Start up India Registration","label":"Start up India Registration"},{"value":"Winding up of company","label":"Winding up of company"},{"value":"Company and LLP returns","label":"Company and LLP returns"}]},{"value":"Legal Complaince Service","label":"Legal Complaince Service","children":[{"value":"Change company name","label":"Change company name"},{"value":"Change registered office","label":"Change registered office"}]},{"value":"Tax Returns","label":"Tax Returns","children":[{"value":"TDS returns","label":"TDS returns"},{"value":"Business Tax returns","label":"Business Tax returns"}]},{"value":"Goverment Registration","label":"Goverment Registration","children":[{"value":"Provident Fund","label":"Provident Fund"},{"value":"PAN registration","label":"PAN registration"}]},{"value":"Trademark","label":"Trademark","children":[{"value":"Trademark registration","label":"Trademark registration"},{"value":"Trademark renewal","label":"Trademark renewal"},{"value":"Trademark registration in India","label":"Trademark registration in India"}]},{"value":"Miscelleneous Services","label":"Miscelleneous Services","children":[{"value":"List Your Business on government website","label":"List Your Business on government website"},{"value":"LEI Code","label":"LEI Code"},{"value":"15CA Form Filing","label":"15CA Form Filing"},{"value":"Gettinng FDI in India","label":"Getting FDI in India"}]}]}]